id,display_name,description,works_count,cited_by_count,policy_block,policy_subblock,score_core,score_domain,score_context
https://openalex.org/T12837,American Environmental and Regional History,"This cluster of papers covers the environmental history of the United States, including topics such as the environmental movement, conservation efforts, renewable energy challenges, industrial agriculture, wilderness preservation, chemical pollution, national parks, sustainability initiatives, historical perspectives on environmental issues, and public policy related to environmental management.",503893,510616,03_context_sociocultural,country_region_profiles,2,11,10
https://openalex.org/T10893,Chinese history and philosophy,"This cluster of papers explores the religious diversity and regulation in Chinese society, covering topics such as Confucianism, Christianity, Falun Gong, the Cultural Revolution, nationalism, and the history of religion in China. It delves into the discourse of civilization, state regulation of religion, and the influence of emotions on beliefs.",350314,690496,03_context_sociocultural,country_region_profiles,0,0,13
https://openalex.org/T12454,European Political History Analysis,"This cluster of papers explores the transformation of European political thought, culture, and society during the eighteenth and nineteenth centuries. It delves into topics such as the French Revolution, Napoleonic Wars, European nationalism, cultural imperialism, religious revival, political ideologies, social movements, globalization, gender and society, and revolutionary historiography.",285912,257771,03_context_sociocultural,country_region_profiles,0,0,14
https://openalex.org/T12645,European history and politics,"This cluster of papers explores various aspects of Nazi Germany, including propaganda, forced labor, sexuality, gender, and the postwar period in Europe. It delves into the social and cultural history of Nazi Germany, examining topics such as consumerism, homosexuality, occupation policies, and the experiences of different groups during World War II.",264146,495075,03_context_sociocultural,country_region_profiles,1,1,10
https://openalex.org/T12219,Canadian Identity and History,"This cluster of papers encompasses a wide range of topics related to the historical and social dynamics of Canada, including the evolution of Canadian identity, social policies, the experiences of minorities, cultural identity, immigration patterns, nationalism, and societal transformation. The papers delve into various aspects of Canadian history, shedding light on the complexities and nuances that have shaped the country's development over time.",230845,390228,03_context_sociocultural,country_region_profiles,1,1,21
https://openalex.org/T12525,Australian History and Society,"This cluster of papers explores the complex interplay of British imperialism, Australian history, and national identity. It delves into topics such as colonialism, imperial networks, settler discourse, convict transportation, and the cultural turn in understanding the impact of British imperialism on Australia and beyond.",171640,514898,03_context_sociocultural,country_region_profiles,0,1,12
https://openalex.org/T13484,German History and Society,"This cluster of papers explores the memory, identity, and material culture of East Germany, focusing on topics such as Ostalgie, Stasi, Holocaust remembrance, Cold War politics, and the impact of socialism on postwar German society. It delves into the complexities of individual and collective memory in the context of historical events and political ideologies.",168330,96738,03_context_sociocultural,country_region_profiles,0,0,12
https://openalex.org/T13749,"Hungarian Social, Economic and Educational Studies","This cluster of papers covers a wide range of topics related to global development, policy impacts, and societal changes. It includes discussions on the effects of globalization, economic development, regional disparities, innovation, sustainability, tourism, knowledge management, and environmental influences. The papers provide insights into the complex interactions between global forces and local contexts, shedding light on the challenges and opportunities in today's interconnected world.",160206,75440,03_context_sociocultural,country_region_profiles,1,2,4
https://openalex.org/T14005,Eastern European Communism and Reforms,"This cluster of papers explores the sociopolitical transformation, identity formation, and memory politics in post-Communist Europe, particularly focusing on countries like Belarus, Czech Republic, and Slovakia. It delves into topics such as national awakening, human rights, dissent, authoritarianism, and the cultural history of the Cold War period.",147585,269021,03_context_sociocultural,country_region_profiles,0,0,7
https://openalex.org/T14008,Balkan and Eastern European Studies,"This cluster of papers focuses on the intersection of international relations, economics, and diplomacy, with a specific emphasis on economic diplomacy, commercial diplomacy, and the role of foreign powers in nation-building. It explores topics such as decision-making in international economic relations, sovereign debt crises, and the impact of economic diplomacy on global economic flows. The papers also delve into the negotiation strategies and trade dynamics between nations, highlighting the significance of economic considerations in diplomatic interactions.",147018,42007,03_context_sociocultural,country_region_profiles,0,1,8
https://openalex.org/T13754,Central European and Russian historical studies,"This cluster of papers explores the geopolitical, sociological, and historical aspects of Central and Eastern Europe, with a focus on the Visegrad Group, migration policy, sustainable development goals, and the influence of cultural diplomacy and soft power. It delves into the complexities of national identity, historical legacies, and the role of Central Europe in contemporary geopolitics.",138813,10458,03_context_sociocultural,country_region_profiles,1,1,17
https://openalex.org/T13212,German Social Sciences and History,"This cluster of papers covers a wide range of topics in sociological history, epistemic practices, refugee studies, social innovation, cultural sociology, and population studies. It also delves into themes such as historical sociology, social theory, ethnographic research, and philosophical anthropology.",137151,116842,03_context_sociocultural,country_region_profiles,0,1,16
https://openalex.org/T12890,Eurasian Exchange Networks,"This cluster of papers explores the Silk Roads and Eurasian exchange networks, focusing on topics such as the Mongol Empire, Sasanian Iran, cultural interaction, nomadic societies, trade routes, and historical diplomacy. It delves into the economic, political, and cultural exchanges that occurred along these ancient trade routes connecting East and West.",133737,213504,03_context_sociocultural,country_region_profiles,0,2,8
https://openalex.org/T13158,Political and Economic history of UK and US,"This cluster of papers explores the concept of depoliticisation in the context of British politics and society, focusing on issues such as deindustrialization, rhetoric, the Conservative Party, economic policy, Thatcherism, social democracy, and the impact of industrial change. It delves into the processes and consequences of depoliticisation, examining its historical significance and theoretical implications within the British political landscape.",124530,661033,03_context_sociocultural,country_region_profiles,2,1,13
https://openalex.org/T13993,Historical Geopolitical and Social Dynamics,"This cluster of papers explores the complex political, cultural, and economic relations between Australia and European countries, particularly focusing on the Cold War era, European integration, postcolonial theory, and the diplomatic interactions between the European Union and Australia. It also delves into the historical, geopolitical, and societal dynamics of Eastern European nations in relation to Western culture and classical traditions.",111888,281460,03_context_sociocultural,country_region_profiles,0,0,12
https://openalex.org/T11256,Asian Studies and History,"This cluster of papers focuses on the democratization and decentralization processes in Indonesia, addressing topics such as political Islam, ethnic tensions, civil society, religious nationalism, gender equality, corruption, and economic development. It explores the complex interplay between democracy, governance, and societal dynamics in the Indonesian context.",108626,475682,03_context_sociocultural,country_region_profiles,3,0,10
https://openalex.org/T12473,Pacific and Southeast Asian Studies,"This cluster of papers explores the human settlement and impact on the Pacific Islands, focusing on topics such as Polynesian colonization, agricultural development, environmental changes, genetic diversity, and cultural history. It delves into the complex interactions between early human societies and island ecosystems, shedding light on the prehistoric migration patterns and environmental impact of Pacific settlement.",108218,471729,03_context_sociocultural,country_region_profiles,0,4,12
https://openalex.org/T12629,Island Studies and Pacific Affairs,"This cluster of papers encompasses an interdisciplinary study of islands and island nations, focusing on their economic development, vulnerability, sustainability, governance, decolonization, and resilience. It explores the unique challenges and opportunities faced by small states and island communities, particularly in the Pacific region, and delves into the complexities of globalization, political representation, and environmental impact.",98417,324161,03_context_sociocultural,country_region_profiles,2,1,5
https://openalex.org/T12686,Central European national history,"This cluster of papers explores the concept of national indifference and its role in shaping cultural identity, nationalism, and nation-building in Central Europe, particularly within the context of the Habsburg Monarchy. It delves into topics such as paramilitary violence, ethnic cleansing, the dynamics of state and civil society, and the unintended consequences of bureaucratic classification. The cluster provides insights into the complexities of identity formation and the interplay between nationalism, empire, and cultural diversity in this region.",94541,14171,03_context_sociocultural,country_region_profiles,0,0,14
https://openalex.org/T13029,South Asian Studies and Conflicts,"This cluster of papers explores the complex and multifaceted issues surrounding the Kashmir conflict, including its historical roots, ethnic and religious dimensions, human rights implications, and the impact on Indian federalism. The papers also delve into related topics such as insurgency, colonialism, militarization, and tribal dynamics in Northeast India.",89778,256643,03_context_sociocultural,country_region_profiles,0,0,5
https://openalex.org/T12743,Spanish Culture and Identity,"This cluster of papers explores the intersection of memory, modernity, and cultural identity in democratic Spain, with a focus on the legacy of the Spanish Civil War, memory politics during the transition to democracy, Francoism, gender ideology, and the representation of historical memory in Spanish cinema and literature. It delves into the complexities of coming to terms with the past and its impact on contemporary Spanish society.",86809,36193,03_context_sociocultural,country_region_profiles,1,0,18
https://openalex.org/T11070,Soviet and Russian History,"This cluster of papers explores the formation, impact, and legacy of the Soviet Empire, focusing on topics such as Stalinism, national identity, colonialism in Central Asia, cultural diplomacy, ethnic cleansing, and post-Soviet politics. It delves into the complexities of the Soviet Union's ethnographic knowledge, architecture, gender dynamics, and the interplay between various ethnicities within the empire.",86646,207580,03_context_sociocultural,country_region_profiles,0,0,11
https://openalex.org/T13006,Spanish History and Politics,"This cluster of papers explores the impact and legacy of the Spanish Civil War, including its influence on the Francoist regime, post-war Spain, political conflict, Catholicism, nationalism, social movements, historiography, European relations, and propaganda.",81032,65264,03_context_sociocultural,country_region_profiles,0,0,11
https://openalex.org/T12956,Asian Geopolitics and Ethnography,"This cluster of papers explores the complex dynamics of conflict, state building, and ethnic tensions in Myanmar, with a particular focus on the Rohingya crisis, refugee issues, ethnic identity, and the impact of sanctions. It delves into the challenges of political transition, human rights abuses, and the role of Buddhist nationalism in shaping the socio-political landscape.",74858,223141,03_context_sociocultural,country_region_profiles,0,0,10
https://openalex.org/T13002,Southeast Asian Sociopolitical Studies,"This cluster of papers explores the complex political, social, and economic dynamics in Southeast Asia, with a focus on Thailand and Laos. It delves into topics such as political movements, ethnic identity, democracy, economic development, social resistance, cultural politics, hydropower projects, and borderlands.",73374,274992,03_context_sociocultural,country_region_profiles,1,0,6
https://openalex.org/T14404,European Socioeconomic and Political Studies,"This cluster of papers covers a wide range of topics related to economic organization, including the financial crisis in Iceland, industrial policies in European countries, labor market reforms, socioeconomic inequality, and the impact of globalization on economic institutions. It also delves into the analysis of enterprise performance and the role of public policy in shaping economic outcomes.",65435,58758,03_context_sociocultural,country_region_profiles,4,4,5
https://openalex.org/T13554,Brazilian cultural history and politics,"This cluster of papers explores the Brazilian military dictatorship, cultural resistance, and the impact of music in Brazil during the political transition period. It delves into topics such as censorship, social movements, historiography, repression, memory studies, and transitional justice.",62291,42041,03_context_sociocultural,country_region_profiles,0,1,15
https://openalex.org/T13692,Italian Social Issues and Migration,"This cluster of papers covers a wide range of topics related to migration, social integration, and public policy analysis. It includes discussions on migration patterns, social welfare policies, cultural diversity, globalization's impact on local economies, and the challenges of social integration. The papers also delve into the dynamics of citizenship, territorial development, and the intersection of sociology and economics.",60867,48473,03_context_sociocultural,country_region_profiles,4,6,6
https://openalex.org/T12563,History and Politics in Latin America,"This cluster of papers covers a wide range of topics related to the history, society, and economy of Colombia. It includes discussions on violence, land issues, political conflicts, agricultural development, educational reforms, and the impact of globalization on the country. The papers provide insights into the historical and contemporary challenges faced by Colombia.",60452,102482,03_context_sociocultural,country_region_profiles,0,1,6
https://openalex.org/T13653,"Commonwealth, Australian Politics and Federalism","This cluster of papers explores the dynamics of collaborative federalism, intergovernmental relations, and governance in Commonwealth nations, with a focus on Australia. It delves into topics such as constitutional reform, monarchy, economic reforms, public opinion, and the role of the High Court in shaping federal systems. The papers also analyze the challenges and opportunities associated with federal diversity and the implications of federalism in the regulation of various issues.",56109,73212,03_context_sociocultural,country_region_profiles,3,0,4
https://openalex.org/T13019,African Studies and Geopolitics,"This cluster of papers explores the complex dynamics of Saharan migrations, transnational connections, and cultural exchanges, encompassing topics such as Islamic influences, archaeological evidence, trade networks, refugee movements, and historical perspectives on slavery. It delves into the interplay of various factors shaping the Saharan region and its interactions with North Africa and beyond.",55245,78000,03_context_sociocultural,country_region_profiles,0,1,6
https://openalex.org/T13162,African Studies and Ethnography,"This cluster of papers explores governance, social movements, healthcare, and political dynamics in various African countries. It covers topics such as urban protest, media pluralism, ethnic relations, decentralization, and youth employment. The papers provide insights into the complexities of governance and social dynamics in Africa.",52735,46562,03_context_sociocultural,country_region_profiles,4,3,9
https://openalex.org/T14332,European Linguistics and Anthropology,"This cluster of papers covers a wide range of topics in the field of ethnology and regional studies, including cultural diversity, language studies, historical narratives, folklore, identity formation, migration, and social sciences. The papers explore the complexities of different cultures and societies, shedding light on the rich tapestry of human experiences across various regions.",50668,6387,03_context_sociocultural,country_region_profiles,0,1,12
https://openalex.org/T12853,Historical Geography and Geographical Thought,"This cluster of papers explores the intersection of geography and public policy within academic discourse, addressing issues such as the globalization of research, the impact of Anglo-American hegemony, the role of critical geography, and the historical development of geographical knowledge. It also delves into the interdisciplinary nature of geography and its relationship with research policy.",50538,115624,03_context_sociocultural,country_region_profiles,3,0,6
https://openalex.org/T12512,History of Colonial Brazil,"This cluster of papers explores the history of Brazilian slavery, society, and the African diaspora in colonial Brazil. It delves into the social dynamics, racial identity, abolitionism, cultural representation, economic empowerment, written culture, and religious practices during this period.",49218,44260,03_context_sociocultural,country_region_profiles,0,0,11
https://openalex.org/T14302,European Politics and Security,"This cluster of papers explores the complex geopolitical dynamics in Eastern Europe, focusing on the relationships between the European Union, Russia, and Ukraine. It delves into topics such as migration, security, the Eastern Partnership, and the Eurasian Customs Union, shedding light on the challenges and opportunities in the region. The papers also analyze the impact of global events such as the financial crisis on Central and Eastern Europe.",47948,76878,03_context_sociocultural,country_region_profiles,0,1,6
https://openalex.org/T12052,Polish socio-economic development,"This cluster of papers focuses on the knowledge-based economy, regional development, and innovation policies. It explores topics such as cluster initiatives, industrial restructuring, competitiveness, and the impact of globalization on regional economies. The papers also discuss strategies for sustainable development and the role of the European Union in fostering innovation and economic growth.",44677,46082,03_context_sociocultural,country_region_profiles,1,3,5
https://openalex.org/T13900,Contemporary and Historical Greek Studies,"This cluster of papers explores the impact of austerity politics, fiscal adjustment, and party linkages on Greece and Southern Europe during the eurozone crisis. It delves into the role of clientelism, the Greek economy, and the challenges of financial crisis, while also examining public policy, European integration, and potential political reforms.",42111,56696,03_context_sociocultural,country_region_profiles,3,0,5
https://openalex.org/T12635,African studies and sociopolitical issues,"This cluster of papers explores the complex history of Zimbabwe, focusing on themes such as nationalist historiography, patriotic history, land reform, political economy, and the struggle for social justice. It delves into the impact of colonialism, the urban crisis, and the dynamics of agrarian relations in shaping the nation's identity.",39854,162805,03_context_sociocultural,country_region_profiles,0,2,7
https://openalex.org/T12609,Latin American socio-political dynamics,"This cluster of papers explores the dynamics of social movements, political change, and socioeconomic inequality in Latin America, particularly focusing on the impact of neoliberal policies, globalization, and resistance through collective action. It delves into the evolution of protest movements, the effects of inequality, and the role of social movements in shaping political and societal transformations.",37935,59502,03_context_sociocultural,country_region_profiles,1,2,4
https://openalex.org/T12985,Maritime Security and History,"This cluster of papers explores the complex issues surrounding maritime security and piracy in the Asia-Pacific region. It delves into topics such as diplomatic practices, international law, counter-piracy operations, the impact on global trade, and the connections to terrorism. The focus includes specific regional areas like Somalia and Southeast Asia.",37669,78335,03_context_sociocultural,country_region_profiles,1,1,5
https://openalex.org/T13472,Brazilian History and Foreign Policy,"This cluster of papers covers a wide range of topics related to development economics and policy in Latin America. It includes discussions on innovation, bureaucracy, globalization, sustainability, infrastructure, foreign investment, and social security. The papers provide insights into the historical, political, and economic factors influencing development in the region.",37607,21078,03_context_sociocultural,country_region_profiles,5,2,9
https://openalex.org/T12949,South Asian Studies and Diaspora,"This cluster of papers explores the postcolonial thought, historical difference, and the complex socio-political landscape of India, focusing on topics such as the Partition of India, Dalit politics, Sikh identity, postcolonial trauma, caste system, Indian history, religious minorities, gender and memory, nationalism, and refugee identity.",37500,49325,03_context_sociocultural,country_region_profiles,0,0,12
https://openalex.org/T13057,Asian Industrial and Economic Development,"This cluster of papers explores the evolution, challenges, and adaptations of the developmental state model in East Asia, particularly focusing on countries like South Korea and Taiwan. It delves into the role of industrial policy, globalization, and neoliberalism in shaping the economic development strategies of these states, highlighting the complex interplay between state intervention, institutional change, and political economy.",35320,211803,03_context_sociocultural,country_region_profiles,2,5,4
https://openalex.org/T12498,Latin American Cultural Politics,"This cluster of papers explores the coloniality of power and knowledge in Latin America, focusing on decolonization, Eurocentrism, postcolonialism, and social movements. It delves into topics such as Buen Vivir, interculturality, and the impact of globalization on indigenous communities. The papers critically examine the historical, social, and epistemological dimensions of coloniality and aim to redefine knowledge production from a decolonial perspective.",34660,63905,03_context_sociocultural,country_region_profiles,0,0,10
https://openalex.org/T12160,African cultural and philosophical studies,"This cluster of papers explores the decolonization of education in the African context, focusing on African philosophy, indigenous knowledge systems, and the impact of colonialism on higher education. It delves into topics such as Ubuntu, communal values, epistemic violence, and the ethical implications of decolonizing education.",31853,231964,03_context_sociocultural,country_region_profiles,0,3,11
https://openalex.org/T13333,American Political and Social Dynamics,"This cluster of papers explores the cultural, social, and political transformations in America during the 1960s and 1970s. It delves into topics such as the counterculture, civil rights movement, political activism, conservatism, and the impact of events like the Vietnam War on American society.",26881,90054,03_context_sociocultural,country_region_profiles,0,0,6
https://openalex.org/T13442,Geochemistry and Geochronology of Asian Mineral Deposits,"This cluster of papers focuses on economic development, policy analysis, and market dynamics in emerging markets, with a particular emphasis on China. It covers topics such as the impact of macroeconomic factors on financial markets, energy demand scenarios, corporate governance standards, technology management, and sustainability. The papers also explore the influence of globalization and the changing nature of warfare on economic systems.",26755,102073,03_context_sociocultural,country_region_profiles,4,3,4
https://openalex.org/T13865,Nationalism and Cultural Identity,"This cluster of papers covers a wide range of topics related to regional development, national identity, and sustainable tourism. It includes discussions on territorial governance, community empowerment, cultural heritage, and environmental governance. The papers also explore innovation in education and the role of bibliometric review in understanding these areas.",25200,10811,03_context_sociocultural,country_region_profiles,4,3,11
https://openalex.org/T13843,African Sexualities and LGBTQ+ Issues,"This cluster of papers explores the diverse landscape of sexualities, politics, and cultural discourse surrounding LGBT rights and human rights in Africa. It delves into the intersections of sexuality, gender, colonialism, and postcolonial politics, shedding light on the complexities of homophobia, queer studies, and the challenges faced by sexual minorities. The papers also address the impact of religion, media, and global influences on the discourse around sexuality in African societies.",23364,156119,03_context_sociocultural,country_region_profiles,0,0,8
https://openalex.org/T14375,"Cultural, Linguistic, Economic Studies","This cluster of papers covers a wide range of topics in social sciences and humanities, including migration, management, culture, economy, language, religion, innovation, education, ethnicity, and law. The papers explore various aspects of these subjects within the context of different regions and countries.",18947,22662,03_context_sociocultural,country_region_profiles,1,3,5
https://openalex.org/T14031,Global and Cross-Cultural Management,"This cluster of papers focuses on the management practices, human resource challenges, and organizational effectiveness in the context of African indigenous knowledge and cultural diversity. It explores topics such as cross-cultural management, institutional contexts, globalization, and knowledge diffusion within the African business environment.",18535,190833,03_context_sociocultural,country_region_profiles,1,1,9
https://openalex.org/T13576,"Cyprus History, Politics, Society","This cluster of papers explores the root causes, implications for peacebuilding, and the complex dynamics of the Cyprus conflict. It delves into topics such as intercultural education, national identities, memory and history education, ethnic division, and the role of the European Union in the conflict. The papers also examine the impact of colonialism, mediation efforts, and identity construction within the context of the Cyprus conflict.",16919,29815,03_context_sociocultural,country_region_profiles,0,2,7
https://openalex.org/T14253,Latin American social science,"This cluster of papers explores the dynamics of social movements, cultural resistance, and citizenship education in various global contexts. It delves into topics such as political activism, identity politics, community engagement, and the impact of globalization on cultural change. The papers also address issues related to educational reform, gender studies, and youth empowerment within the framework of social movements.",1267,1523,03_context_sociocultural,country_region_profiles,0,1,7
https://openalex.org/T13641,Historical Studies and Socio-cultural Analysis,"This cluster of papers covers a wide range of topics related to the history of science and technology, including scientific institutions, technological development, innovation, intellectual exchange, and the cultural impact of scientific advancements. It explores historical narratives, cross-disciplinary studies, and the transmission of knowledge on a global scale.",344394,348884,03_context_sociocultural,historical_political_context,1,2,11
https://openalex.org/T10605,Historical Economic and Social Studies,"This cluster of papers explores the economic development, inequality, and various determinants of living standards in Europe and Asia from the Middle Ages to the modern era. It delves into topics such as the impact of height, wages, trade, and historical institutions on economic growth and societal well-being.",213603,948270,03_context_sociocultural,historical_political_context,1,2,5
https://openalex.org/T13332,"Historical Studies on Reproduction, Gender, Health, and Societal Changes","This cluster of papers explores the history of reproduction, gender, and healthcare in Britain, covering topics such as medicine, sexuality, pregnancy, psychoanalysis, and childbirth. It delves into the evolution of reproductive practices, societal attitudes towards reproduction, and the intersection of gender with healthcare and medicine throughout history.",209566,297063,03_context_sociocultural,historical_political_context,0,6,6
https://openalex.org/T12641,Historical and socio-economic studies of Spain and related regions,"This cluster of papers explores the economic development, environmental management, and societal changes in Spain from the 19th to the 20th century. It covers topics such as agriculture, water management, climate change, industrialization, and demographic trends, providing insights into the historical evolution and challenges of resource utilization and sustainability in Spain.",185426,107046,03_context_sociocultural,historical_political_context,0,4,5
https://openalex.org/T13845,Classical Studies and Legal History,"This cluster of papers explores various aspects of the Visigothic monarchy in Hispania during the late antiquity, including religious and political power, royal succession, cultural identity, and the legal system. It delves into topics such as the role of kings, internal conflicts, conversion of Jews, and the representation of power through iconography and epigraphy.",135720,118898,03_context_sociocultural,historical_political_context,5,0,6
https://openalex.org/T13070,Cultural Identity and Heritage,"This cluster of papers explores the complex interplay between cultural heritage, identity formation, and the politics of memory. It delves into topics such as the preservation of intangible cultural heritage, the impact of tourism on heritage sites, the construction of national identities, and the legacy of colonialism. The papers also discuss the role of ethnology in understanding cultural heritage and the challenges posed by globalization to traditional notions of heritage.",120284,61258,03_context_sociocultural,historical_political_context,0,0,21
https://openalex.org/T13460,Historical Studies in Latin America,"This cluster of papers explores the struggles for independence, constitutionalism, and cultural identity in the Hispanic world during the 18th and 19th centuries. It delves into the political power dynamics, religious influence, and social movements that shaped the colonial society and led to revolutionary changes.",118753,137899,03_context_sociocultural,historical_political_context,0,0,7
https://openalex.org/T13938,Historical and Contemporary Political Dynamics,"This cluster of papers explores the history of international humanitarianism, human rights, and the role of non-governmental organizations in global aid efforts. It delves into topics such as colonialism, decolonization, the Global South, Amnesty International, the New International Economic Order, and civil rights movements. The papers provide insights into the evolution of humanitarian action and its intersection with political and social developments.",103468,552849,03_context_sociocultural,historical_political_context,1,0,5
https://openalex.org/T14238,Historical Gender and Feminism Studies,"This cluster of papers explores the intersection of Cold War politics, feminism, and transnational activism, with a focus on women's rights, gender studies, and socialist feminism. It delves into the historical, political, and social dynamics of feminist movements during the Cold War era, examining their impact on global relations and gender equality. The papers also address the challenges, initiatives, and dilemmas faced by feminism in the Global South, shedding light on the complexities of transnational feminist scholarship.",94679,422067,03_context_sociocultural,historical_political_context,0,0,5
https://openalex.org/T12739,Historical Studies on Spain,"This cluster of papers explores the role and significance of imperial courts throughout history, focusing on diplomacy, political power, ceremonial practices, social structure, military enterprise, interactions with barbarian groups, gender dynamics, and the rituals and architecture associated with palaces.",93645,68113,03_context_sociocultural,historical_political_context,0,0,5
https://openalex.org/T13766,"Media, Journalism, and Communication History","This cluster of papers explores the role of media and propaganda in the history of Spain and Portugal, covering topics such as censorship, public service broadcasting, and the use of television, radio, and press for political purposes. It delves into the influence of media on society during periods like the Franco regime and examines the evolution of media formats over time.",90992,38835,03_context_sociocultural,historical_political_context,0,0,5
https://openalex.org/T12375,Cuban History and Society,"This cluster of papers explores the intersection of race, politics, healthcare, and identity in Cuba, covering topics such as the impact of revolution, gender dynamics, economic challenges, and cultural developments. It delves into the complexities of Cuban society and its historical, social, and political dimensions.",89062,243824,03_context_sociocultural,historical_political_context,0,1,7
https://openalex.org/T13337,Korean Peninsula Historical and Political Studies,"This cluster of papers focuses on the socio-political dynamics of North Korea, covering topics such as refugees, famine, political economy, human rights, gender issues, healthcare, migration, international relations, and economic reform. The papers provide insights into the complex challenges and developments within North Korea and its interactions with the international community.",80218,99771,03_context_sociocultural,historical_political_context,0,2,4
https://openalex.org/T12437,"Balkans: History, Politics, Society","This cluster of papers explores the cultural, historical, and social dynamics in the Balkans, focusing on topics such as nationalism, identity, memory, conflict, and the legacy of Yugoslavia. It delves into the complexities of ethnic and religious relations, post-war challenges, and the construction of national narratives in Eastern Europe.",76863,163420,03_context_sociocultural,historical_political_context,0,0,8
https://openalex.org/T13222,"Caribbean history, culture, and politics","This cluster of papers explores the cultural, social, and political dynamics in the Caribbean region, focusing on topics such as identity, nationalism, globalization, dancehall culture, gender, and postcolonialism. It delves into the complexities of Caribbean societies, their historical roots, and contemporary challenges.",71227,322250,03_context_sociocultural,historical_political_context,0,0,13
https://openalex.org/T14507,"History, Culture, and Society","This cluster of papers focuses on improving elderly care, social support systems, and healthcare methodologies. It explores the impact of nursing practices, community participation, and public policy on the quality of life for the aging population. Additionally, it delves into cultural heritage and historical memory related to elderly care.",66037,27006,03_context_sociocultural,historical_political_context,2,2,11
https://openalex.org/T14199,Historical and Scientific Studies,"This cluster of papers explores the intersection of medical serial killers, forensic toxicology, historical clinical chemistry, criminal poisoning, patient safety, healthcare regulation, and ethical considerations. It delves into cases like Shipman, explores the use of anonymity in healthcare, and discusses the development of forensic toxicology and surveillance photography. The papers also touch upon the historical milestones and discoveries that have shaped the toxicology sciences.",63669,68754,03_context_sociocultural,historical_political_context,0,4,6
https://openalex.org/T12231,Contemporary Sociological Theory and Practice,"This cluster of papers explores the intersection of sociology with public discourse, policy, and global issues. It delves into social theories, postcolonial perspectives, symbolic interactionism, and the role of sociology in addressing social justice and globalization. The papers also discuss the impact of intellectual movements on sociological research and emphasize the importance of ethnography and the sociological imagination in understanding societal phenomena.",60107,549640,03_context_sociocultural,historical_political_context,1,1,10
https://openalex.org/T13902,Indian History and Philosophy,"This cluster of papers explores the philosophy and legacy of Mahatma Gandhi, focusing on nonviolent resistance, social justice, environmental ethics, and global politics. It delves into Gandhian principles of conflict resolution, peacebuilding, and civil resistance, examining their relevance in contemporary society and their impact on human rights.",59414,208345,03_context_sociocultural,historical_political_context,0,2,4
https://openalex.org/T13787,"Globalization, Historical Perspectives, and International Relations","This cluster of papers covers a wide range of topics including global history, society, religion, technology, cultural identity, political discourse, agriculture, education, cyber-infrastructure, and ethnic diversity. It reflects a multidisciplinary approach to understanding the interconnectedness of societies and cultures across different time periods and geographical locations.",53676,3543,03_context_sociocultural,historical_political_context,0,4,7
https://openalex.org/T14094,Italy: Economic History and Contemporary Issues,"This cluster of papers explores various aspects of economic development, financial markets, and policy implications in Italy. It covers topics such as monetary policy, labor market dynamics, immigration, fiscal policy, banking regulation, public sector efficiency, and trade-related growth. The research provides insights into the historical traditions of civicness, local economic development, and the impact of global financial conditions on emerging markets.",40435,169935,03_context_sociocultural,historical_political_context,5,5,5
https://openalex.org/T13413,Cultural and Historical Studies,"This cluster of papers focuses on the intersection of fashion design and technology innovation, including topics such as 3D printing, sustainable fashion, fashion communication, upcycling trends, wearable technology, fashion education, digital transformation, artificial intelligence, cultural products, and fashion film.",38653,9474,03_context_sociocultural,historical_political_context,0,5,9
https://openalex.org/T13210,Historical Turkish Studies,"This cluster of papers covers a wide range of topics related to the history of the Ottoman Empire, the formation of the Turkish Republic, international relations, modernization efforts, diplomacy, nationalism, cultural heritage, education policy, economic development, and political history in the region. The papers provide insights into various aspects of historical events, policies, and societal changes in the context of Turkey and its interactions with other nations.",36841,22820,03_context_sociocultural,historical_political_context,2,1,10
https://openalex.org/T12493,"Memory, violence, and history","This cluster of papers focuses on memory studies, social trauma analysis, and the impact of political violence on collective memory. It covers topics such as the transmission of trauma across generations, the role of testimony in preserving historical memory, and the cultural and societal implications of human rights violations during dictatorships.",35381,34683,03_context_sociocultural,historical_political_context,0,0,7
https://openalex.org/T14237,Historical and Political Studies,"This cluster of papers covers a wide range of topics including the construction of bureaucracies, political dynamics, history, cinema, education, religion, social sciences, public policy, media, and artificial intelligence. It explores the intersections of bureaucracy and politics in various contexts and examines the influence of historical, cultural, and technological factors on these domains.",33408,5464,03_context_sociocultural,historical_political_context,2,1,7
https://openalex.org/T12036,Argentine historical studies,"This cluster of papers covers a wide range of topics related to the cultural and social history of Argentina, including the role of intellectuals, political movements like Peronism, gender dynamics, economic developments, and public health initiatives. It provides a comprehensive view of the historical, cultural, and social forces that have shaped Argentina.",32159,32537,03_context_sociocultural,historical_political_context,0,2,8
https://openalex.org/T14004,History and Cultural Heritage,"This cluster of papers explores the impact of globalization, immigration, neoliberalism, and cultural exchange on various aspects of society including education, art, architecture, and social psychology. It delves into the challenges and prospects of Muslim identity in the context of globalization, as well as the influence of neoliberalism on human agency and cultural exchange.",30541,10981,03_context_sociocultural,historical_political_context,0,2,15
https://openalex.org/T13864,Indigenous Cultures and History,"This cluster of papers explores the complex interactions between indigenous peoples and the state, focusing on issues such as land rights, cultural identity, social exclusion, and the impact of state policies on indigenous communities. It delves into colonial history, frontier studies, and ethnographic research to understand the experiences of indigenous peoples at the national margins in Latin America.",29653,71286,03_context_sociocultural,historical_political_context,1,0,12
https://openalex.org/T13525,Cambodian History and Society,"This cluster of papers explores the socio-demographic and political dynamics in Cambodia, focusing on topics such as the Khmer Rouge genocide, political transition, memory, civil society, education reform, human rights, and land rights. It delves into the aftermath of the genocide, the role of international organizations, and the challenges faced by Cambodian society in its path towards development and reconciliation.",29399,99317,03_context_sociocultural,historical_political_context,0,1,4
https://openalex.org/T12726,Philosophical and Cultural Analysis,"This cluster of papers explores the intersection of biopolitics, philosophy, and the concept of life, delving into topics such as violence, ethics, history, society, culture, literature, and education. It encompasses a wide range of interdisciplinary perspectives on the governance and understanding of life in various contexts.",27779,12864,03_context_sociocultural,historical_political_context,2,1,6
https://openalex.org/T14517,Diverse Historical and Scientific Studies,"This cluster of papers covers a wide range of topics related to the history of science, including the development of scientific knowledge, the role of medicine in different historical periods, the impact of colonialism on scientific practices, environmental history, philosophy of science, the scientific revolution, the establishment and evolution of museums, and the censorship of scientific ideas. The papers provide insights into how scientific knowledge has been produced, disseminated, and influenced by various social, cultural, and political factors throughout history.",26340,12530,03_context_sociocultural,historical_political_context,0,1,9
https://openalex.org/T12312,"Culture, Economy, and Development Studies","This cluster of papers explores the influence of culture, institutions, and historical legacies on economic and social development. It delves into topics such as the impact of ethnic diversity, religion, colonial legacy, and social capital on economic growth, trust, and human capital formation. The role of cultural norms, language, and historical experiences in shaping institutions and development outcomes is a central theme.",21748,478917,03_context_sociocultural,historical_political_context,2,0,9
https://openalex.org/T13441,Ottoman Empire History and Society,"This cluster of papers explores the socio-ecological dynamics, historical demography, and cultural mobility in the Black Sea region. It delves into topics such as Ottoman state policy, Islamic law, environmental restoration, and engineering challenges. Additionally, it addresses gender rights and resource management in the context of the Black Sea.",18621,17831,03_context_sociocultural,historical_political_context,2,1,6
https://openalex.org/T13660,Philosophical and Historical Studies,"This cluster of papers covers a wide range of topics including postmodernism, social change, religious tolerance, globalization, human rights, philosophical reflection, cosmopolitanism, environmental justice, civil society, and ethical challenges. The papers explore the intersection of these themes in various contexts, providing insights into the complexities of contemporary society and the evolving dynamics of culture, politics, and ethics.",14462,11722,03_context_sociocultural,historical_political_context,0,2,5
https://openalex.org/T14141,Colonial History and Postcolonial Studies,"This cluster of papers explores transnational social and political movements during the colonial era, focusing on Indian nationalism, internationalism, diasporic dimensions of the Indian freedom movement, anti-imperialist activities, maritime labor, and global radicalism. It delves into the interconnectedness of colonial societies, the impact of colonialism on national identities, and the role of transnational networks in shaping historical events.",14087,55372,03_context_sociocultural,historical_political_context,0,1,8
https://openalex.org/T13998,"History, Medicine, and Leadership","This cluster of papers explores the phenomenon of hubris syndrome, particularly in the context of leadership and politics. It delves into the linguistic markers of hubris in CEO language, ethical considerations in psychiatric profiling of political figures, and the impact of hubristic leadership on decision-making. Additionally, it addresses mental health issues among political figures and the use of educational technology for interactive teaching.",10641,11777,03_context_sociocultural,historical_political_context,0,3,4
https://openalex.org/T14511,"Medicine, History, and Philosophy","This cluster of papers explores the integration of biological, psychological, and social factors in understanding health and illness. It delves into topics such as social determinants of health, cultural convergence, narratives of illness, psychosomatic medicine, diversity in healthcare, ethical considerations, and global health issues.",8830,8547,03_context_sociocultural,historical_political_context,0,4,5
https://openalex.org/T14190,Military history and social perspectives,"This cluster of papers explores the cultural, societal, and historical transformations through a multidisciplinary lens, covering topics such as cultural representation, social movements, gender dynamics, economic systems, colonialism, globalization, ethnic identity, transportation history, religious movements, and societal power dynamics.",5040,6485,03_context_sociocultural,historical_political_context,0,1,9
https://openalex.org/T13631,"Global History, Politics, and Ideology","This cluster of papers explores the multifaceted impacts of globalization on economy, society, and culture. It delves into topics such as the rise of nationalism, challenges in crisis management, cultural identity in a globalized world, and the implications of globalization on education and sustainability.",3463,27762,03_context_sociocultural,historical_political_context,0,1,8
https://openalex.org/T13982,Social Movements and Cultural Identity,"This cluster of papers explores the intersection of race, power dynamics, and social change, covering topics such as racism, history, politics, innovation, culture, religion, and leadership. It delves into the complexities of racialized politics, historical memory, and the impact of power on various aspects of society.",2558,5151,03_context_sociocultural,historical_political_context,0,1,11
https://openalex.org/T13968,Contemporary Cultural and Social Studies,"This cluster of papers explores the intersection of psychoanalysis, politics, and social movements, with a focus on postcolonialism, gender studies, cultural studies, neoliberalism, activism, subjectivity, and colonial discourse. It delves into the complexities of individual and collective subjectivities within political and social contexts.",1527,4333,03_context_sociocultural,historical_political_context,0,0,6
https://openalex.org/T11846,Cultural Heritage Management and Preservation,"This cluster of papers explores the temporal, spatial, and social aspects of cultural heritage studies, focusing on topics such as adaptive reuse, intangible heritage, sustainable development, community participation, heritage conservation, urban development, UNESCO World Heritage sites, cultural sustainability, historic buildings, and social value. The papers critically examine the recognition and misrecognition of community heritage, the challenges and opportunities in adaptive reuse of heritage buildings for sustainable urban development, and the role of cultural diversity and human rights in heritage management.",121653,370296,03_context_sociocultural,sociocultural_identity_values,0,2,18
https://openalex.org/T11462,Museums and Cultural Heritage,"This cluster of papers focuses on informal learning in museums and science centers, exploring topics such as visitor experience, family engagement, free-choice learning, and the impact of digital engagement. It also delves into the role of school field trips, interactive exhibits, and cultural sustainability in enhancing museum learning experiences.",94656,259815,03_context_sociocultural,sociocultural_identity_values,0,2,9
https://openalex.org/T13367,Cultural and Sociopolitical Studies,"This cluster of papers covers a wide range of topics related to Turkish folklore, including mythology, rituals, traditional beliefs, storytelling, and cultural heritage. It explores the digitization and virtualization of folklore, as well as the biological activities of specific plants in folklore. The papers also delve into the social dynamics and gender roles within Turkish culture.",94363,53213,03_context_sociocultural,sociocultural_identity_values,0,0,7
https://openalex.org/T13327,"Arts, Culture, and Music Studies","This cluster of papers explores the intersection of cultural policy, innovation in education, and the impact of theater, science, and gender on society. It also delves into sustainability, tourism, and the challenges posed by globalization. The papers cover a wide range of topics including audience development, interdisciplinary research, and the role of art in addressing global challenges.",76892,23624,03_context_sociocultural,sociocultural_identity_values,1,2,5
https://openalex.org/T14105,Cultural and Artistic Studies,"This cluster of papers explores the cultural diversity, traditional practices, and heritage preservation in various regions, with a focus on Indonesian culture. It encompasses topics such as traditional markets, local wisdom, traditional architecture, intercultural education, ethnic dance, and multicultural education. The papers delve into the influence of globalization on local cultures and the efforts to sustain and promote traditional values.",68122,85239,03_context_sociocultural,sociocultural_identity_values,0,2,7
https://openalex.org/T11454,Cultural Differences and Values,"This cluster of papers encompasses a wide range of research on cultural psychology, values, and cross-cultural variability. It explores topics such as individualism-collectivism, social axioms, emotional experiences, neural substrates of culture, and the influence of globalization on psychological phenomena. The research delves into the complexities of cultural differences and their impact on various aspects of human behavior and cognition.",52052,1553752,03_context_sociocultural,sociocultural_identity_values,0,0,8
https://openalex.org/T13599,Architecture and Cultural Influences,"This cluster of papers explores the intersection of culture, society, and architecture, with a focus on Islamic architecture, traditional houses, urban planning, and the social impact of design. It delves into topics such as cultural heritage, community development, vernacular architecture, art and design, privacy and hospitality in housing, and sustainability in architectural practices.",44600,98363,03_context_sociocultural,sociocultural_identity_values,0,2,7
https://openalex.org/T13814,Cultural and political discourse analysis,"This cluster of papers covers a multidisciplinary approach to discourse analysis, focusing on topics such as political discourse, ideology, power dynamics, racism, media influence, social communication, semantics, critical theory, and social movements. It explores the intersection of language, society, and politics in various contexts.",36061,48948,03_context_sociocultural,sociocultural_identity_values,0,0,4
https://openalex.org/T12903,Globalization and Cultural Identity,"This cluster of papers explores the multifaceted impacts of globalization on society, encompassing discussions on cultural identity, sustainability, economic integration, social movements, and international relations. It delves into the challenges and opportunities presented by globalization across various domains such as education, market ideology, and transnational interactions.",33941,486385,03_context_sociocultural,sociocultural_identity_values,0,2,10
https://openalex.org/T12970,"Names, Identity, and Discrimination Research","This cluster of papers explores the pervasive issue of employment discrimination, particularly in the labor market, through field experiments and audit studies. It investigates various forms of discrimination based on ethnicity, race, gender, and names, shedding light on inequality in employment opportunities.",33262,170931,03_context_sociocultural,sociocultural_identity_values,0,5,4
https://openalex.org/T11895,Social and Cultural Dynamics,"This cluster of papers explores the concept of cultural capital, its relation to social class, and its impact on educational outcomes. It delves into Bourdieu's theory of habitus and symbolic power, examining how cultural resources and practices contribute to educational inequality, social mobility, and class distinction. The papers also discuss the role of gender in educational attainment and the dynamics of cultural consumption within different social groups.",31766,652819,03_context_sociocultural,sociocultural_identity_values,0,1,7
https://openalex.org/T12175,Social Representations and Identity,"This cluster of papers explores the concept of the dialogical self, focusing on personal and cultural positioning, social representations theory, inner speech, identity construction, and qualitative inquiry. It delves into the dynamics of mind, semiotic mediation, narrative analysis, and the influence of globalization on psychological methodology.",29087,435242,03_context_sociocultural,sociocultural_identity_values,0,0,6
https://openalex.org/T13824,National Identity and Symbolism,"This cluster of papers explores the role of national symbols, such as postage stamps, banknotes, and national anthems, in the construction of national identity. It delves into the use of iconography and political imagery on currency, as well as the symbolic constructions embedded in these national symbols.",23186,3705,03_context_sociocultural,sociocultural_identity_values,0,0,5
https://openalex.org/T14176,Interdisciplinary Cultural and Social Studies,"This cluster of papers explores the multifaceted impact of globalization on society and culture, encompassing topics such as the performance of citizenship, racial time, hindutva nationalism, queer world making, and the regulation of mothering in different contexts. It delves into the intersection of emotions, identity, and power dynamics within the framework of globalization, shedding light on the complexities of contemporary societal issues.",19018,5536,03_context_sociocultural,sociocultural_identity_values,0,0,7
https://openalex.org/T13803,Organizational Strategy and Culture,"This cluster of papers focuses on the thematic analysis of mission statements across various types of institutions, including their impact on organizational performance, stakeholder management, and strategic planning. It explores the content, quality, and readability of mission statements in different industries such as healthcare and higher education. The relationship between mission statements, corporate reporting, and institutional identity is also examined.",18898,77091,03_context_sociocultural,sociocultural_identity_values,2,3,5
https://openalex.org/T13043,Youth Culture and Social Dynamics,"This cluster of papers explores the emergence of youth cultures, strategies of disenchantment, cultural hybridity, and the impact of globalization on social identity. It delves into topics such as visual culture, indigenous youth, media mediation, urban tribes, social exclusion, and cultural resistance.",13727,12781,03_context_sociocultural,sociocultural_identity_values,0,1,9
https://openalex.org/T13850,Night-time city culture,"This cluster of papers explores the dynamics of urban nightlife, including the development, regulation, and impact of nighttime activities in city spaces. It delves into topics such as the night-time economy, urban governance, safety concerns, and the cultural infrastructure of nightlife. The papers also discuss the revitalization and fragmentation of evening and night-time city areas.",12273,27849,03_context_sociocultural,sociocultural_identity_values,2,3,5
https://openalex.org/T13320,Ukrainian Cultural and Linguistic Studies,"This cluster of papers covers a wide range of topics related to international relations, cross-cultural interactions, sustainability, global governance, and education innovation. It explores the challenges and opportunities in the realms of journalism, environmental concerns, economic integration, and digital collaboration. The cluster also delves into issues of human rights, global competitiveness, and political philosophy.",9434,2731,03_context_sociocultural,sociocultural_identity_values,2,4,5
https://openalex.org/T13390,Cultural and Social Dynamics,"This cluster of papers explores the nutritional and ecological aspects of Mauritia flexuosa, a carotene-rich palm fruit from Latin America. It delves into topics such as ecological management, sustainability, participatory action research, and cultural action. The cluster also discusses the territorial struggles and community-based learning associated with the cultivation and utilization of this Amazon palm fruit.",8917,2347,03_context_sociocultural,sociocultural_identity_values,0,0,5
https://openalex.org/T13698,"Education, Politics, and Culture Studies","This cluster of papers covers a wide range of topics related to critical theory, social construction, global politics, educational philosophy, and sustainability. It includes discussions on the cultural industry, intersectionality, Marxist theory, postcolonialism, and their implications for social transformation.",6717,1460,03_context_sociocultural,sociocultural_identity_values,0,5,5
https://openalex.org/T13788,Cultural Identity and Representation,"This cluster of papers explores the intersection of cultural studies, identity, globalization, and societal values. It delves into topics such as ethnicity, gender, social justice, media representation, diversity, and postcolonialism. The papers critically examine the impact of globalization on cultural identities and address issues related to power dynamics, ethical dilemmas, and the construction of individual and collective identities.",6353,13375,03_context_sociocultural,sociocultural_identity_values,0,1,11
https://openalex.org/T13837,Diverse Cultural and Social Studies,"This cluster of papers covers a wide range of topics related to semiotics, cultural studies, propaganda, media, art, ethnography, communication, sociology, language, and identity. It explores the use of signs and symbols in various cultural contexts, the impact of media on society, and the representation of identity through different forms of communication.",5981,4420,03_context_sociocultural,sociocultural_identity_values,0,0,10
https://openalex.org/T14145,Diverse Cultural Media Analysis,"This cluster of papers focuses on the development and application of smart refrigerators integrated with IoT technology. It covers various aspects such as inventory management, healthcare applications, RFID technology, food management, machine learning, user acceptance, and energy efficiency.",4420,2177,03_context_sociocultural,sociocultural_identity_values,0,5,4
https://openalex.org/T13515,Cultural and Communication Design Research,"This cluster of papers explores the intersection of cultural product design, communication theory, and cross-cultural innovation. It delves into topics such as sustainability, ergonomics, pragmatism, and the incorporation of traditional cultural properties into modern global market products. The cluster also emphasizes the role of creative industries in shaping cultural inspiration and product development.",3667,6390,03_context_sociocultural,sociocultural_identity_values,0,3,8
https://openalex.org/T13741,Cross-Cultural and Social Analysis,"This cluster of papers covers a wide range of interdisciplinary social science research topics, including cultural analysis, ethnographic research, rural development, globalization, identity formation, community empowerment, religious studies, political discourse, and economic anthropology.",2840,38174,03_context_sociocultural,sociocultural_identity_values,0,1,8
https://openalex.org/T13755,Global socioeconomic and cultural dynamics,"This cluster of papers covers a wide range of topics related to global development, including policy analysis, economic growth, sustainable development, industrialization, social welfare, environmental management, capacity building, public sector marketing, and education financing. The papers provide insights into various challenges and opportunities in different regions and sectors, aiming to contribute to the advancement of global development indicators and policies.",2344,18777,03_context_sociocultural,sociocultural_identity_values,3,3,4
https://openalex.org/T13311,Sociology and Cultural Identity Studies,"This cluster of papers explores the intersection of social ideology, knowledge production, leadership, education, and societal challenges. It delves into topics such as cultural practices, ethnicity, gender, spirituality, and the impact of neoliberalism on various aspects of society.",2150,18542,03_context_sociocultural,sociocultural_identity_values,0,1,13
https://openalex.org/T14273,"Cultural, Psychoanalytic, and Sociopolitical Reflections","This cluster of papers explores the complex interplay between identity formation, cultural dynamics, and their impact on various aspects of society, including psychology, education, health, and philosophy. Topics such as ethnicity, narrative, community, and sociology are central to understanding the multifaceted nature of identity and culture.",1546,9053,03_context_sociocultural,sociocultural_identity_values,0,2,9
https://openalex.org/T14298,Cultural and Social Studies,"This cluster of papers covers a wide range of topics within cultural studies and social sciences, including cultural identity, education, globalization, sustainability, media industry, traditional culture, social sustainability, language policy, feminism, and vernacular architecture.",1536,923,03_context_sociocultural,sociocultural_identity_values,1,2,8
https://openalex.org/T13445,American Constitutional Law and Politics,"This cluster of papers explores the development of American political thought and history, focusing on topics such as the American founding, constitutional government, religious freedom, public opinion, separation of church and state, presidential prerogative, early republic, federalism, political philosophy, and nationalism.",490244,1823978,03_context_sociocultural,country_region_profiles,11,0,8
https://openalex.org/T13710,European and International Law Studies,"This cluster of papers explores the concept of judicial review, particularly within the context of European legal systems, with a focus on constitutionalism, the European Convention on Human Rights (ECHR), democracy, and the influence of the EFTA Court. It delves into the dynamics of legal culture and the integration of Nordic countries into the EU, emphasizing human rights and the role of courts in upholding them.",345253,457053,03_context_sociocultural,comparative_area_studies,7,0,8
https://openalex.org/T12148,Brazilian Legal Issues,"This cluster of papers covers a wide range of topics related to constitutional law, human rights, legal theory, and public administration. It includes discussions on constitutional interpretation, social justice, environmental law, judicial activism, and legal philosophy. The cluster also touches upon issues such as civil rights, public administration, and the intersection of law with other disciplines.",241033,175591,03_context_sociocultural,country_region_profiles,13,2,4
https://openalex.org/T13537,"German legal, social, and political studies","This cluster of papers explores the intersection of right-wing extremism, antisemitism, religious fundamentalism, and identity politics in Germany and Israel. It delves into topics such as exile literature, emotionalization, nationalism, gender studies, and the portrayal of the Holocaust in literature. The cluster also addresses cultural memory and the impact of historical events on contemporary ideologies.",102647,95620,03_context_sociocultural,country_region_profiles,4,0,8
https://openalex.org/T12775,Legal Issues in South Africa,"This cluster of papers focuses on the governance and legal development in South Africa, covering topics such as constitutionalism, developmental local government, human rights, public participation, equality, legal research, socio-economic rights, environmental governance, consumer protection, and judicial review. The papers explore the challenges and progress in various aspects of governance and legal systems in the context of South Africa's post-apartheid state.",91165,228645,03_context_sociocultural,country_region_profiles,15,1,0
https://openalex.org/T12374,European and International Contract Law,"This cluster of papers focuses on the development and harmonization of European private law, with an emphasis on consumer protection, contract law, regulation, human rights, and legal transplants. It explores topics such as unfair commercial practices, directives on consumer rights, civil liability, and the challenges and implications of harmonizing private law across European countries.",91080,145561,03_context_sociocultural,comparative_area_studies,8,0,6
https://openalex.org/T14448,EU Law and Policy Analysis,"This cluster of papers focuses on the legal and economic aspects of state aid in the context of European Union law. It covers topics such as taxation, competition law, COVID-19 impact, fiscal aid, sovereignty, industrial policy, environmental taxation, and the financial crisis.",53522,95048,03_context_sociocultural,comparative_area_studies,19,2,1
https://openalex.org/T14291,Indonesian Legal and Regulatory Studies,"This cluster of papers covers a wide range of legal and regulatory topics, with a focus on Indonesia and China. It includes discussions on Omnibus Law, environmental law, criminal justice, labor relations, intellectual property, and judicial practice. The papers also delve into the challenges and reforms within the legal system, emphasizing the importance of human rights and legal education.",47899,66335,03_context_sociocultural,country_region_profiles,9,5,1
https://openalex.org/T14497,Social Issues and Policies in Latin America,"This cluster of papers covers a wide range of topics related to legal education, human rights, criminal law, and social justice. It includes discussions on legal reforms, drug policy, ethical considerations in research and practice, and the education of youth offenders. The cluster also addresses the impact of globalization on legal systems and the importance of inclusive education in promoting social justice.",44808,24329,03_context_sociocultural,comparative_area_studies,9,6,0
https://openalex.org/T13684,Political Dynamics in Latin America,"This cluster of papers covers a wide range of topics related to political science, including electoral processes, democracy, human rights, political parties, electoral governance, public policy, social movements, constitutionalism, transparency, and international law.",37503,23776,03_context_sociocultural,comparative_area_studies,7,0,0
https://openalex.org/T14255,European Law and Migration,"This cluster of papers covers a wide range of topics related to European social policy and legal framework, including social security, migration law, asylum policy, EU citizenship, coordination of benefits, equality directive, labor law, and welfare systems. The papers explore the complexities and challenges within the European social policy landscape, addressing issues of solidarity, citizenship rights, and the legal framework governing social welfare.",35706,17598,03_context_sociocultural,comparative_area_studies,12,6,6
https://openalex.org/T12939,Polish Law and Legal System,"This cluster of papers covers a wide range of legal and constitutional topics, including constitutional law, legal reform, human rights, public administration, civil service, criminal code, consumer protection, European Union law, judicial system, and legal interpretation. The papers provide insights into the legal and constitutional studies in Poland.",35650,36772,03_context_sociocultural,country_region_profiles,18,1,5
https://openalex.org/T14142,Multicultural Socio-Legal Studies,"This cluster of papers covers a wide range of topics related to socio-legal studies in multicultural contexts, including human rights, religion, equality rights, globalization, social justice, ethnicity, gender, and immigration. The papers explore the intersection of law, literature, culture, and society from diverse perspectives.",33497,101776,03_context_sociocultural,sociocultural_identity_values,6,2,1
https://openalex.org/T13139,Polish Legal and Social Issues,"This cluster of papers covers a wide range of topics related to labor law, social protection, and employment practices. It includes discussions on work flexibility, disability rights, data privacy in the workplace, European Union labor regulations, and the impact of technology on work-life balance. The papers also explore issues such as employment contracts, working time directives, and the role of trade unions in modern labor relations.",32989,28262,03_context_sociocultural,country_region_profiles,5,7,5
https://openalex.org/T14397,Legal and Policy Analysis in Indonesia,"This cluster of papers covers a wide range of interdisciplinary legal and ethical studies, including topics such as legal pluralism, ethical norms, criminal justice, environmental law, healthcare regulation, intellectual property rights, restorative justice, social justice, corporate governance, and international law. The papers delve into the complexities of legal systems and ethical considerations in various societal contexts.",31042,33350,03_context_sociocultural,country_region_profiles,19,6,4
https://openalex.org/T13501,Legal Issues in Turkey,"This cluster of papers explores the complex interplay between criminal law, human rights, and international law. It delves into ethical dilemmas, legal principles, and social justice issues, particularly in the context of ethnic conflict and civil liberties. The papers also discuss the paradoxical relationship between these legal frameworks and shed light on the challenges in upholding human rights within the judicial system.",27898,12517,03_context_sociocultural,country_region_profiles,8,2,0
https://openalex.org/T13271,Ukrainian Legal and Forensic Studies,"This cluster of papers covers a wide range of topics related to legal regulation in the global society, including human rights, environmental information, digital economy, forensic science, intellectual property, criminal liability, corruption prevention, and international cooperation. The papers discuss various challenges and prospects for legal frameworks in different areas and provide insights into the complexities of legal systems in the context of globalization.",23919,12725,03_context_sociocultural,country_region_profiles,8,3,0
https://openalex.org/T13476,Indonesian Election Politics and Participation,"This cluster of papers explores the impact of political dynasties on local elections, democracy, government policy, corruption, and the election process in Indonesia. It delves into the role of social media, constitutional law, and governance in the context of political dynasties.",23473,26772,03_context_sociocultural,country_region_profiles,8,0,1
https://openalex.org/T14188,Latin American Legal and Economic Studies,"This cluster of papers covers a wide range of topics related to public policy, social development, and economic institutions in Latin America. It includes discussions on environmental management, legal clinics, fiscal policy, family dynamics, cultural conservation, healthcare access, and educational reform.",17899,7175,03_context_sociocultural,comparative_area_studies,10,2,5
https://openalex.org/T14166,European Monetary and Fiscal Policies,"This cluster of papers focuses on the causes and consequences of the Eurozone financial crisis, including topics such as TARGET2 balances, ECB's rescue facility, austerity measures, sovereign debt crisis, central bank balance sheets, capital flows, banking crisis, monetary policy instruments, fiscal policy, and the European Stability Mechanism.",87510,169914,03_context_sociocultural,comparative_area_studies,16,1,5
https://openalex.org/T13389,German Economic Analysis & Policies,"This cluster of papers covers a wide range of topics related to economic policy, wealth inequality, and financial stability in Europe. It includes discussions on fiscal consolidation, labor market responses to economic downturns, the impact of the financial crisis, and the effectiveness of monetary targeting regimes. Additionally, it addresses income inequality, public finance, and the macroeconomic implications of various policy measures.",53352,68610,03_context_sociocultural,country_region_profiles,8,5,4
https://openalex.org/T10628,China's Socioeconomic Reforms and Governance,"This cluster of papers explores the political economy and governance of China, focusing on topics such as economic reform, inequality, migration, urbanization, land policy, and authoritarianism. It delves into the complexities of China's unique political and economic system, offering insights into its development and challenges.",72559,534367,03_context_sociocultural,country_region_profiles,11,2,0
https://openalex.org/T13343,Turkish Urban and Social Issues,"This cluster of papers covers a wide range of topics related to urban studies, social policy analysis, and demographic transition. It includes research on urbanization, social services, home care, local governance, sustainability, community development, migration, public policy, and city planning.",24770,15809,03_context_sociocultural,country_region_profiles,6,6,0
https://openalex.org/T10289,European Union Policy and Governance,"This cluster of papers focuses on the dynamics of European integration, governance structures within the European Union, normative power, compliance with EU regulations, democratic deficit, party positions on European integration, and the institutionalization of EU policies. It explores the complexities of multi-level governance, the impact of Europeanization on national politics, and the challenges of building a cohesive European identity.",136842,1095077,03_context_sociocultural,comparative_area_studies,18,0,9
https://openalex.org/T12432,Arctic and Russian Policy Studies,"This cluster of papers focuses on the economic, environmental, and geopolitical aspects of Arctic shipping, including the potential viability of the Northern Sea Route, governance challenges, climate change impacts, and the exploration of oil and gas resources. It also addresses international relations, sustainability, and maritime transport in the Arctic region.",88674,191389,03_context_sociocultural,country_region_profiles,6,3,4
https://openalex.org/T13655,Canadian Policy and Governance,"This cluster of papers explores the impact of border security measures, government policies, and neoliberal discourse on North American trade and economic integration. It delves into the implications of increased security on cross-border commerce, Canada-U.S. relations, and the broader context of globalization.",55215,59500,03_context_sociocultural,country_region_profiles,15,1,5
https://openalex.org/T13572,German Security and Defense Policies,"This cluster of papers explores the causes and consequences of security policies and practices, including topics such as economic crisis, European Union policies, policing, human rights, risk governance, digitalization, counter-terrorism, and financial markets. It delves into the complexities of security studies in various contexts and their impact on governance, society, and individual rights.",34257,6471,03_context_sociocultural,country_region_profiles,10,0,5
https://openalex.org/T10156,"LGBTQ Health, Identity, and Policy","This cluster of papers explores the intersectionality of LGBTQ+ identities and its impact on mental health, stigma, discrimination, and health disparities. It delves into the complexities of gender identity, social stress, and minority stress within the LGBTQ+ community, providing a comprehensive understanding of the unique challenges faced by individuals with diverse sexual orientations and gender identities.",94463,1314083,03_context_sociocultural,sociocultural_identity_values,4,7,6
https://openalex.org/T14402,Political and Social Issues,"This cluster of papers explores the Tunisian Revolution, its impact on global development goals, democratic transition, rural and territorial dynamics, digital innovation, and social sustainability. It delves into the role of media, communication, and social movements in shaping the political economy of post-revolution Tunisia.",133067,115296,03_context_sociocultural,historical_political_context,0,3,1
https://openalex.org/T13407,Regional Development and Management Studies,"This cluster of papers explores the intersection of sustainable development, economic growth, and rural tourism in Serbia. It covers topics such as agricultural sustainability, small and medium enterprises, regional development, organizational culture, leadership emergence, and financial performance. The papers delve into the challenges and opportunities for sustainable development in the context of economic growth, with a focus on the role of various industries and organizational practices.",117674,101226,03_context_sociocultural,country_region_profiles,0,3,2
https://openalex.org/T13186,Russia and Soviet political economy,"This cluster of papers explores the transformation of the Russian economy and society, including the transition from communism to capitalism, the impact of global financial crises, environmental challenges, climate change policies, and the role of Russia in global economics and politics. It also delves into issues such as barter systems, oil industry dynamics, and the interplay between political and economic factors in shaping Russia's development.",89721,372248,03_context_sociocultural,country_region_profiles,1,3,1
https://openalex.org/T12667,Economic and Technological Developments in Russia,"This cluster of papers covers a wide range of topics related to economic development, innovation, climate change, global economy, digital transformation, sustainable development, knowledge clusters, regional development, and macroeconomic assessment. The focus is on understanding and addressing the challenges and opportunities in the global economic landscape, with specific emphasis on the socio-economic development and policies in Russia.",85471,122367,03_context_sociocultural,country_region_profiles,1,3,0
https://openalex.org/T11475,French Urban and Social Studies,"This cluster of papers explores the intersection of territorial governance, environmental participation, and sustainable development. It delves into topics such as citizen participation, local development, social justice, and community engagement in the context of rural territories. The papers also discuss the role of proximity and innovation in shaping public policy for sustainable and inclusive development.",684434,670203,03_context_sociocultural,country_region_profiles,4,8,4
https://openalex.org/T14473,Social and Economic Development in India,"This cluster of papers explores the impact of decentralization, economic reforms, and social policies on Kerala, India. It delves into issues such as gender bias, agricultural distress, rural livelihoods, and community empowerment. The cluster also discusses the implications for sustainable development and the overall economy of the region.",39870,120789,03_context_sociocultural,country_region_profiles,1,2,0
https://openalex.org/T13172,Economic Issues in Ukraine,"This cluster of papers explores various factors affecting economic development and recovery, including public finance management, industrial policy, fiscal risks, smart industry development, social quality, globalization, financial security, territorial decentralization, and the interrelation between science and the economy.",112075,118373,03_context_sociocultural,country_region_profiles,2,3,0
https://openalex.org/T13618,Regional Socio-Economic Development Trends,"This cluster of papers explores the transformation of rural settlement patterns, demographic dynamics, and labor market trends in Russia. It covers topics such as migration, agriculture, food security, regional development, and the impact of global crises on rural areas. The papers also delve into the challenges and opportunities associated with youth migration, spatial patterns of settlement, and the role of geographical analysis in understanding rural transformation.",96307,123529,03_context_sociocultural,country_region_profiles,0,9,0
https://openalex.org/T13897,Historical Economic and Legal Thought,"This cluster of papers explores the intersection of economic ethics, legal history, and scholastic thought, with a focus on topics such as civil economy, moral regulation, just price, usury, and market irregularities. It delves into the historical perspectives on economics, particularly within the context of medieval economic thought and Catholic social thought.",41218,56700,03_context_sociocultural,historical_political_context,5,1,6
https://openalex.org/T14433,Post-Communist Economic and Political Transition,"This cluster of papers focuses on the economic and political transition in post-communist countries, particularly in Eastern Europe and China. It covers topics such as post-communist transition, economic recession, market economy, institutional economics, societal resilience, globalization, agricultural development, financial system stability, innovation systems, and European integration.",26618,84816,03_context_sociocultural,comparative_area_studies,1,3,1
https://openalex.org/T14231,New Zealand Economic and Social Studies,"This cluster of papers focuses on the economic and environmental dynamics of New Zealand, covering topics such as income distribution, regional dynamics, land use, climate change, agricultural emissions, and the housing market. It explores the intersection of economic policies, environmental sustainability, and social welfare within the context of New Zealand's economy.",26087,45945,03_context_sociocultural,country_region_profiles,1,6,0
https://openalex.org/T14338,"Leadership, Human Resources, Global Affairs","This cluster of papers explores the impact of globalization on international relations, focusing on topics such as security, foreign policy, corporate strategy, American nationalism, cultural diversity, human resource management, economic growth, and anti-Americanism.",16397,105623,03_context_sociocultural,comparative_area_studies,1,0,3
https://openalex.org/T14140,Elite Sociology and Global Capitalism,"This cluster of papers explores the formation, structure, and influence of the transnational capitalist class within the context of global capitalism. It delves into topics such as corporate networks, elite power structures, interlocking directorates, corporate governance, and the state-corporate connection in the era of globalization.",15945,157994,03_context_sociocultural,sociocultural_identity_values,2,0,4
https://openalex.org/T13634,Middle East and Rwanda Conflicts,"This cluster of papers explores the intersection of media and politics in the Middle East, with a focus on countries such as Qatar, Rwanda, Yemen, and Oman. It delves into topics such as the influence of media on political events, the role of media in conflicts and uprisings, and the impact of media on public perception and policy-making. Additionally, it examines the portrayal of genocide, tribal politics, and foreign policy in the media within this region.",78542,208658,03_context_sociocultural,historical_political_context,2,0,0
https://openalex.org/T11783,Turkey's Politics and Society,"This cluster of papers explores the multifaceted transformation of political, social, and economic landscapes in Turkey, with a focus on the rise of the AKP, increasing authoritarianism, Islam's role in public life, Kurdish question, neoliberal policies, gender politics, nationalism, European integration, and civil society dynamics.",70845,239647,03_context_sociocultural,country_region_profiles,1,0,2
https://openalex.org/T13103,Middle East Politics and Society,"This cluster of papers explores the complex socio-political dynamics in Lebanon, including issues related to sectarianism, governance, Palestinian refugees, civil war, sovereignty, and identity. It delves into the challenges and transformations faced by the state and society in Lebanon, shedding light on the intricate interplay of historical, cultural, and geopolitical factors.",59027,129834,03_context_sociocultural,country_region_profiles,2,0,3
https://openalex.org/T10777,Politics and Society in Latin America,"This cluster of papers explores the pervasive influence of clientelism, neoliberalism, and identity politics on democracy, governance, and political power in Latin America. It delves into the dynamics of clientelistic relationships, the impact of neoliberal policies, and the intersection of ethnicity and political participation. The cluster also examines the challenges and opportunities associated with decentralization and the reconfiguration of power structures.",46289,290610,03_context_sociocultural,comparative_area_studies,4,0,1
https://openalex.org/T13826,"Bangladesh Politics, Society, and Development","This cluster of papers explores the complex political landscape of Bangladesh, focusing on issues such as governance, identity politics, violence, Islamism, human rights, and the situation of indigenous people in the Chittagong Hill Tracts. It delves into the historical context of the 1971 Liberation War, the role of political parties, and the challenges faced by democracy in the country.",16289,30387,03_context_sociocultural,country_region_profiles,3,0,3
https://openalex.org/T13727,Linguistic and Sociocultural Studies,"This cluster of papers explores the intersection of language, society, and culture, with a focus on sociolinguistics, language diversity, youth language, and language attitudes. It delves into topics such as multilingualism, language policy, urban linguistics, minority languages, and the role of language in political discourse.",46311,51674,03_context_sociocultural,sociocultural_identity_values,1,1,2
https://openalex.org/T13747,Sociopolitical Dynamics in Russia,"This cluster of papers explores the intersection of youth, identity, and politics in contemporary Russia. It delves into topics such as civic participation, nationalism, social media, protest moods, and the impact of digital generation on political communication. The research also examines the influence of ethnicity and sociological factors on shaping youth identity and political attitudes.",75323,129579,03_context_sociocultural,sociocultural_identity_values,0,1,4
https://openalex.org/T13947,Media Discourse and Social  Analysis,"This cluster of papers focuses on the analysis of media discourse, social movements, and cultural representation, with a particular emphasis on topics such as Islamophobia, digital media, globalization, and identity construction. It encompasses critical discourse analysis and sociological perspectives to understand the role of media in shaping public opinion and representing various social phenomena.",23211,8346,03_context_sociocultural,sociocultural_identity_values,0,1,3
https://openalex.org/T13753,Diverse multidisciplinary academic research,"This cluster of papers explores the intersection of cultural diversity, globalization, and various global industries such as software, media, entertainment, and tourism. It delves into topics such as innovation policy, knowledge networks, ethnic identity, and environmental activism within the context of globalized industries. The papers also discuss the impact of international relations on cultural diversity and the challenges and opportunities presented by digital culture.",11926,9011,03_context_sociocultural,sociocultural_identity_values,1,5,4
https://openalex.org/T13724,Humanities and Social Sciences,"This cluster of papers explores the ethical and political consequences of social acceleration in a high-speed society, focusing on the impact on democracy, temporality, globalization, information technology, and cultural and philosophical anthropology.",6372,9098,03_context_sociocultural,sociocultural_identity_values,1,1,2
https://openalex.org/T13456,"Religion, Society, and Development","This cluster of papers explores the role and impact of faith-based organizations in providing social services, contributing to community development, and engaging in international development and humanitarian efforts. It delves into the relationship between religion, spirituality, and development, as well as the comparison between faith-based and secular organizations in delivering welfare and aid. The papers also discuss the challenges, opportunities, and controversies surrounding the involvement of faith-based organizations in various aspects of development and social welfare.",165185,490820,03_context_sociocultural,sociocultural_identity_values,0,0,0
https://openalex.org/T12275,Gender and Feminist Studies,"This cluster of papers explores a wide range of topics related to gender studies, including gender identity, sexuality, feminism, masculinity, family dynamics, and social inequality. It encompasses feminist perspectives, queer theory, and the impact of sexism on various aspects of society.",57307,56008,03_context_sociocultural,sociocultural_identity_values,0,1,1
https://openalex.org/T11239,Social Capital and Networks,"This cluster of papers explores the concept of social capital, trust, and community networks, examining their implications for civic engagement, inequality, diversity, and economic development. It delves into the role of social capital in fostering social cohesion and building civil society, with a focus on the impact of trust on various aspects of community life.",35530,778239,03_context_sociocultural,sociocultural_identity_values,0,1,0
https://openalex.org/T12614,Indigenous Studies and Ecology,"This cluster of papers explores the health, well-being, and resilience of Arctic Indigenous Peoples, focusing on the impacts of climate change, traditional ecological knowledge, food security, and the nutrition transition. It highlights the vulnerability of communities such as the Inuit and Sami to environmental and social changes, and the importance of integrating traditional knowledge with scientific research for effective adaptation strategies.",91488,466470,03_context_sociocultural,sociocultural_identity_values,0,4,1
https://openalex.org/T14348,Marriage and Family Dynamics,"This cluster of papers explores the impact of early marriage on society, covering legal implications, social and health consequences, gender relations, family dynamics, religious perspectives, and cultural practices. It delves into the complexities of adolescent psychology and the laws surrounding marriage, shedding light on the multifaceted nature of early marriage in various contexts.",67823,81004,03_context_sociocultural,sociocultural_identity_values,1,1,1
https://openalex.org/T14124,"Food, Nutrition, and Cultural Practices","This cluster of papers covers a wide range of topics related to food and nutrition, including dietary requirements, cultural identity, sustainability, health, food programs, economic development, and globalization. The papers explore the intersection of food with social, cultural, economic, and health aspects, providing insights into the complexities of food systems and their impact on society.",49433,34589,03_context_sociocultural,sociocultural_identity_values,0,10,7
https://openalex.org/T12595,Romani and Gypsy Studies,"This cluster of papers explores the health disparities and challenges faced by the Roma population, focusing on issues such as access to healthcare, stigmatization, cultural identity, and socioeconomic factors. It delves into the impact of discrimination and social exclusion on the health outcomes of the Roma community.",30523,93552,03_context_sociocultural,sociocultural_identity_values,0,3,2
https://openalex.org/T13669,China's Global Influence and Migration,"This cluster of papers explores the experiences of the African diaspora in China, particularly in Guangzhou, and their involvement in transnational trade, cultural identity, and migration. It delves into topics such as China-Africa relations, ethnic enclaves, healthcare access, and the impact of globalization on economic migration.",29379,25585,03_context_sociocultural,sociocultural_identity_values,0,8,3
https://openalex.org/T13848,Ottoman and Turkish Studies,"This cluster of papers explores the historical perspectives on public health, medicine, and disease control, with a focus on the Ottoman Empire and its territories. It covers topics such as epidemics, healthcare policies, pandemics, quarantine practices, and the social impact of diseases. The papers provide insights into the development of public health systems and their influence on global health.",29317,20408,03_context_sociocultural,sociocultural_identity_values,1,7,1
https://openalex.org/T13671,Philosophy and Phenomenology Studies,"This cluster of papers covers a wide range of interdisciplinary topics including philosophy, psychology, social sciences, history, ethics, gender studies, cognitive science, bioethics, cultural studies, and education. The papers explore various aspects of human nature, society, culture, and ethics from different disciplinary perspectives.",19199,2715,03_context_sociocultural,sociocultural_identity_values,0,1,3
https://openalex.org/T13700,Gender Studies and Social Issues,"This cluster of papers explores the intersection of gender roles, urban design, and social perception in Turkey. It covers topics such as public toilets, workplace discrimination, economic inequality, family dynamics, and community health, shedding light on the impact of gender on urban environments and societal attitudes.",16969,15169,03_context_sociocultural,sociocultural_identity_values,0,5,0
https://openalex.org/T13266,Indigenous Studies in Latin America,"This cluster of papers covers a wide range of interdisciplinary topics, including indigenous knowledge, globalization, social justice, colonialism, ethnic identity, public health, cultural citizenship, urban development, environmental sustainability, and historiography. The papers explore the intersections of various social sciences and humanities disciplines to address complex issues in a global context.",16513,8618,03_context_sociocultural,sociocultural_identity_values,0,5,3
https://openalex.org/T13687,Extractivism and Socioeconomic Issues,"This cluster of papers explores the intersection of social inequities, global capitalism, and their impact on various aspects of society including health, education, environment, and cultural identity. It delves into topics such as inequality, extractivism, neoliberalism, social movements, public health responses to crises, environmental conflicts, educational equity, and the influence of globalization.",11301,2565,03_context_sociocultural,sociocultural_identity_values,0,7,2
https://openalex.org/T14315,Feminist Theory and Gender Studies,"This cluster of papers explores the intersection of race, gender, sexuality, and social justice within feminist theory. It delves into topics such as health, education, globalization, and human rights from an intersectional perspective, aiming to address systemic inequalities and advocate for gender equality and social justice.",10839,54786,03_context_sociocultural,sociocultural_identity_values,0,4,0
https://openalex.org/T14439,"Feminism, Gender, and Social Issues","This cluster of papers explores gender dynamics, social inequality, youth movements, feminism, sexual health, political participation, citizenship, and education in the context of Latin America. It delves into the challenges and advancements in addressing gender disparities and societal inequalities, with a focus on youth activism and social movements.",10031,6299,03_context_sociocultural,sociocultural_identity_values,0,3,0
https://openalex.org/T13926,"Feminism, Gender, and Sexuality Studies","This cluster of papers explores feminist legal theory, social justice, and governance in the context of public health, mutual aid, artificial intelligence, and gender equality. It delves into intersectionality, ethics in law, and the global impact of feminism.",8131,50818,03_context_sociocultural,sociocultural_identity_values,4,3,0
https://openalex.org/T13636,Pentecostalism and Christianity Studies,"This cluster of papers explores the cultural, historical, and theological impact of Pentecostalism, with a focus on its influence on biblical interpretation, African Christianity, spirituality, and social justice. It also delves into the globalization of Pentecostalism, ecclesiological perspectives, and missionary endeavors.",139166,97005,03_context_sociocultural,sociocultural_identity_values,0,1,3
https://openalex.org/T10314,Social and Intergroup Psychology,"This cluster of papers explores intergroup relations, social identity theories, implicit biases, stereotype threat, prejudice reduction, power dynamics, system justification, morality and justice, attitude change, and group dynamics in various social contexts.",65243,2609716,03_context_sociocultural,sociocultural_identity_values,0,1,1
https://openalex.org/T11982,Rhetoric and Communication Studies,"This cluster of papers explores the intersection of rhetoric, democracy, and public discourse, with a focus on activism, visual argumentation, race and identity, environmental communication, cultural memory, political rhetoric, and social justice. The papers examine how language and communication shape public opinion, influence political narratives, and contribute to the construction of collective memory in democratic societies.",51580,385391,03_context_sociocultural,sociocultural_identity_values,1,2,2
https://openalex.org/T13783,"Feminism, Gender, and Intersectionality","This cluster of papers critically examines vulnerability, resistance, and oppression within the contexts of gender, colonialism, and globalization. It explores the ethics of care, social justice, and human rights through an intersectional lens, addressing the complexities of power dynamics and systemic inequalities.",5293,3623,03_context_sociocultural,sociocultural_identity_values,0,1,0
https://openalex.org/T13215,Global Maritime and Colonial Histories,"This cluster of papers explores the prehistoric movement of plants and animals, maritime trade, and cultural exchange across the Indian Ocean, with a focus on the Swahili society, Austronesian expansion, and archaeological evidence. It delves into the history of East Africa, global trade patterns, and island subsistence strategies in the Indian Ocean region.",154238,455973,03_context_sociocultural,sociocultural_identity_values,0,2,2
https://openalex.org/T12444,"Art, Politics, and Modernism","This cluster of papers explores the intersection of contemporary art, aesthetics theory, and cultural politics. It delves into topics such as relational aesthetics, activist art, globalization's impact on art, and the role of art in social engagement. The papers also discuss postmodernism, participatory art, and the evolving landscape of art theory in the context of contemporary society.",138398,315100,03_context_sociocultural,sociocultural_identity_values,0,0,1
https://openalex.org/T12144,"Colonialism, slavery, and trade","This cluster of papers explores the Transatlantic Slave Trade, its historical impact, and the experiences of enslaved Africans in the Americas. It delves into topics such as slave resistance, colonial economies, racial identity, legal rights, and the African diaspora in the Atlantic world.",102811,430624,03_context_sociocultural,sociocultural_identity_values,1,5,4
https://openalex.org/T13078,Political and Social Dynamics in Chile and Latin America,"This cluster of papers explores the history, politics, and societal impact of Chile during the era of Augusto Pinochet's regime. It covers topics such as dictatorship, human rights violations, exile, political violence, and the influence of globalization on Chilean society. The papers also delve into the role of social movements and the collective memory of this tumultuous period in Chilean history.",42512,105916,03_context_sociocultural,sociocultural_identity_values,0,0,2
https://openalex.org/T10149,Anthropological Studies and Insights,"This cluster of papers explores the anthropology of globalization, neoliberal governmentality, and cultural critique. It delves into the spatialities of states, structural violence, and the impact of colonialism on religious life. The papers also discuss the effects of neoliberalism on various cultures and societies, emphasizing the importance of ethnography in understanding these phenomena.",41292,440736,03_context_sociocultural,sociocultural_identity_values,1,0,7
https://openalex.org/T14170,Classical Studies and Philology,"This cluster of papers revolves around the study of language, texts, and cultural history, encompassing topics such as philology, historical linguistics, classical studies, nationalism, and the impact of globalization on humanities. The papers explore the roots, evolution, and contemporary relevance of philological research in understanding the development of languages and cultures.",19109,19571,03_context_sociocultural,sociocultural_identity_values,0,0,4
https://openalex.org/T13549,Minority Rights and Languages,"This cluster of papers explores the international protection of minority rights, focusing on topics such as the European Union's approach to ethnic minorities, the impact of globalization on minority rights, and the evolving scope of minority rights in the context of multiculturalism and EU enlargement. It also delves into the legal and political dimensions of minority protection, including the role of international law, human rights, and cultural diversity governance.",16822,19663,03_context_sociocultural,sociocultural_identity_values,4,0,7
https://openalex.org/T13581,New Caledonia Indigenous Studies,"This cluster of papers explores the complex dynamics of colonialism, postcolonial theory, cultural defense, indigenous peoples' rights, decolonization, multiculturalism, and the sociopolitical impact of globalization. It delves into the intersection of identity, land rights, and the ongoing sociocultural ramifications of historical colonial encounters.",12949,4347,03_context_sociocultural,sociocultural_identity_values,0,0,6
https://openalex.org/T11391,Theatre and Performance Studies,"This cluster of papers encompasses a wide range of topics related to theatrical performance, including theatre, performance art, drama education, audience experience, performativity, immersive theatre, globalization, and social transformation. It explores the interdisciplinary study of theatrical performance and theory in various cultural and historical contexts.",119711,281093,03_context_sociocultural,sociocultural_identity_values,0,1,2
https://openalex.org/T14002,"Art, Technology, and Culture","This cluster of papers explores the intersection of art and technology in modern society, covering topics such as interdisciplinary collaboration, digital media, innovation, education, mathematics, science, interactive art, and cultural heritage. It delves into the impact of technology on artistic expression, the role of art in technological advancements, and the evolving relationship between traditional art forms and modern technology.",97689,65314,03_context_sociocultural,sociocultural_identity_values,0,10,6
https://openalex.org/T14254,Digital Media and Visual Art,"This cluster of papers focuses on the innovations and applications of visual communication design, digital media technology, and artificial intelligence in various fields such as art, education, urban landscape design, and animation. It explores the intersection of technology and design, including topics like interactive design, virtual reality, multimedia technology, and the impact of color research on graphic design.",95566,68358,03_context_sociocultural,sociocultural_identity_values,0,10,0
https://openalex.org/T13712,Kantian Philosophy and Modern Interpretations,"This cluster of papers covers a wide range of topics in philosophy, ethics, education, psychosomatic medicine, and history. It includes discussions on metaphysics, Kantian philosophy, Bildung, human dignity, and the intersection of sociology with various philosophical concepts. The cluster reflects a diverse exploration of philosophical and ethical studies.",70092,36250,03_context_sociocultural,sociocultural_identity_values,0,1,2
https://openalex.org/T13073,China's Ethnic Minorities and Relations,"This cluster of papers explores the complex dynamics of ethnic relations, bilingual education, cultural identity, and separatism in China's autonomous regions of Xinjiang and Tibet. It delves into issues such as the exclusion of Uyghurs, language policies for ethnic minorities, economic development, and the challenges of integrating different ethnic groups within the Chinese state.",62065,103005,03_context_sociocultural,sociocultural_identity_values,1,1,4
https://openalex.org/T13538,Linguistics and Language Analysis,"This cluster of papers encompasses a wide range of topics within language studies and linguistics research, including qualitative research methods, language education, pragmatics, discourse analysis, role play techniques in language teaching, language acquisition, politeness strategies in communication, critical discourse analysis, and second language learning.",56686,80456,03_context_sociocultural,sociocultural_identity_values,0,1,0
https://openalex.org/T13260,Linguistics and Language Studies,"This cluster of papers covers a wide range of topics related to language and linguistics, including the study of languages, lexicography, bilingualism, neuroscience, cultural history, and anthropology. It also encompasses research on education, morphology, and the development of dictionaries. The interdisciplinary nature of the papers reflects a comprehensive exploration of language-related subjects.",54248,32334,03_context_sociocultural,sociocultural_identity_values,0,1,3
https://openalex.org/T13228,Socioeconomic Development in Asia,"This cluster of papers explores the intersection of multiculturalism, authoritarianism, and social control in Singapore. It delves into the country's education policy, state intervention, and the impact of globalization on cultural identity and social cohesion.",44286,186352,03_context_sociocultural,sociocultural_identity_values,1,1,2
https://openalex.org/T12785,Hong Kong and Taiwan Politics,"This cluster of papers explores the complex interplay of identity, democratization, and civic engagement in post-colonial Hong Kong under Chinese sovereignty. It delves into the rise of localism, protest movements such as the Umbrella Movement, challenges to national integration, and the impact of civic education on citizenship values.",43670,115148,03_context_sociocultural,sociocultural_identity_values,0,1,3
https://openalex.org/T13860,Arts and Performance Studies,"This cluster of papers covers a wide range of topics related to performance studies, including the intersection of theatre, ritual, and ethnography, the role of performance in education, the cultural and political implications of performance art, and the exploration of identity and pedagogy through performance. It also delves into the anthropological aspects of performance and its significance in shaping cultural practices.",41090,13325,03_context_sociocultural,sociocultural_identity_values,0,1,5
https://openalex.org/T13795,"Language, Communication, and Linguistic Studies","This cluster of papers explores the complexities of intercultural communication in various contexts, including education and business. It delves into topics such as language, cultural competence, media discourse, professional identity, and the challenges and strategies of cross-cultural communication. The influence of globalization on communication and the development of linguistic and cultural skills are also central themes.",40540,66574,03_context_sociocultural,sociocultural_identity_values,0,1,4
https://openalex.org/T14371,Hume's philosophy and hair distribution,"This cluster of papers covers a wide range of interdisciplinary topics including linguistics, law, anthropology, education, philosophy, migration, psychology, sociology, cultural heritage, and forensic science. The papers explore various aspects within these disciplines and their intersection with each other.",27451,31888,03_context_sociocultural,sociocultural_identity_values,1,2,4
https://openalex.org/T13646,Qur’anic Interpretation Studies,"This cluster of papers covers a wide range of topics related to Islamic studies and education, including Qur'anic exegesis (Tafsir), Islamic law, gender in Islam, the integration of Islam with modern education, and the influence of Islamic teachings on various aspects of society. It also explores the use of social media in the context of Islamic studies and discusses the concept of moderation in Islam.",23309,13331,03_context_sociocultural,sociocultural_identity_values,1,2,0
https://openalex.org/T13119,Philosophy and Social Theory,"This cluster of papers explores power dynamics, societal structures, and resistance, drawing from historical, colonial, and gender perspectives. It delves into the works of Foucault, examining biopolitics, education, and the impact of power on individuals and communities.",22513,4252,03_context_sociocultural,sociocultural_identity_values,0,1,2
https://openalex.org/T13764,Political theory and Gramsci,"This cluster of papers explores the enduring relevance of Antonio Gramsci's theories in contemporary politics, focusing on concepts such as hegemony, subalternity, civil society, and passive revolution. It also delves into the application of Gramscian ideas in fields such as education, cultural studies, and postcolonial theory, as well as their intersection with topics like neoliberalism and political theory.",22160,218106,03_context_sociocultural,sociocultural_identity_values,0,1,2
https://openalex.org/T14131,Giambattista Vico and Joyce,"This cluster of papers covers a wide range of interdisciplinary topics in the humanities and social sciences, including literature, history, culture, politics, education, society, identity, globalization, art, and religion. The papers explore diverse aspects of human experience and knowledge production across different time periods and geographical regions.",11622,20286,03_context_sociocultural,sociocultural_identity_values,0,1,3
https://openalex.org/T14366,Schopenhauer and Stefan Zweig,"This cluster of papers covers a wide range of topics in cultural studies, humanities research, and social sciences, including art, literature, philosophy, sociology, media, ethnography, archives, music, education, and cultural identity.",11150,3473,03_context_sociocultural,sociocultural_identity_values,0,1,5
